video_url,page_url,discovered_at,element_tag,title,description,category,alt_text,css_classes,file_size,dimensions,tags
https://asset.eyecannndy.com/media/clip/2023/12/16/261702695580.webp,https://eyecannndy.com/technique/architexture,2025-09-04T12:28:14.945103,img,Erdem Topsakal - @topsakalerdem / IG,,Technique,Erdem Topsakal - @topsakalerdem / IG,lazy-img lazyImages1 trigger_info_ show-it,,,"trigger_info_, Eyecandy, lazyImages1, show it, lazy img"
https://asset.eyecannndy.com/media/clip/2023/12/19/261703022500.webp,https://eyecannndy.com/technique/architexture,2025-09-04T12:28:14.945283,img,Street Art Loop GIF By A. L. Crego,,Technique,Street Art Loop GIF By A. L. Crego,lazy-img lazyImages1 trigger_info_ show-it,,,"trigger_info_, Eyecandy, lazyImages1, show it, lazy img"
https://asset.eyecannndy.com/media/clip/2023/12/19/261702984520.webp,https://eyecannndy.com/technique/architexture,2025-09-04T12:28:14.945372,img,AXEL DE STAMPA GIF,,Technique,AXEL DE STAMPA GIF,lazy-img lazyImages1 trigger_info_ show-it,,,"trigger_info_, Eyecandy, lazyImages1, show it, lazy img"
https://asset.eyecannndy.com/media/clip/2023/12/25/261703467673.webp,https://eyecannndy.com/technique/architexture,2025-09-04T12:28:14.945443,img,A$AP Rocky - Praise The Lord,,Technique,A$AP Rocky - Praise The Lord,lazy-img lazyImages1 trigger_info_ show-it,,,"trigger_info_, Eyecandy, lazyImages1, show it, lazy img"
https://asset.eyecannndy.com/media/clip/2023/12/19/261702984433.webp,https://eyecannndy.com/technique/architexture,2025-09-04T12:28:14.945505,img,AXEL DE STAMPA GIF,,Technique,AXEL DE STAMPA GIF,lazy-img lazyImages1 trigger_info_ show-it,,,"trigger_info_, Eyecandy, lazyImages1, show it, lazy img"
https://asset.eyecannndy.com/media/clip/2023/12/16/261702695441.webp,https://eyecannndy.com/technique/architexture,2025-09-04T12:28:14.945570,img,@alcrego / Giphy,,Technique,@alcrego / Giphy,lazy-img lazyImages1 trigger_info_ show-it,,,"trigger_info_, Eyecandy, lazyImages1, show it, lazy img"
https://asset.eyecannndy.com/media/clip/2023/12/16/261702695560.webp,https://eyecannndy.com/technique/architexture,2025-09-04T12:28:14.945635,img,Erdem Topsakal - @topsakalerdem / IG,,Technique,Erdem Topsakal - @topsakalerdem / IG,lazy-img lazyImages1 trigger_info_ show-it,,,"trigger_info_, Eyecandy, lazyImages1, show it, lazy img"
https://asset.eyecannndy.com/media/clip/2023/12/19/261702984483.webp,https://eyecannndy.com/technique/architexture,2025-09-04T12:28:14.945696,img,AXEL DE STAMPA GIF,,Technique,AXEL DE STAMPA GIF,lazy-img lazyImages1 trigger_info_ show-it,,,"trigger_info_, Eyecandy, lazyImages1, show it, lazy img"
https://asset.eyecannndy.com/media/clip/2023/12/19/261702984716.webp,https://eyecannndy.com/technique/architexture,2025-09-04T12:28:14.945755,img,Elouen la Baleine / IG,,Technique,Elouen la Baleine / IG,lazy-img lazyImages1 trigger_info_ show-it,,,"trigger_info_, Eyecandy, lazyImages1, show it, lazy img"
https://asset.eyecannndy.com/media/clip/2023/12/16/261702695629.webp,https://eyecannndy.com/technique/architexture,2025-09-04T12:28:14.945815,img,Erdem Topsakal - @topsakalerdem / IG,,Technique,Erdem Topsakal - @topsakalerdem / IG,lazy-img lazyImages1 trigger_info_ show-it,,,"trigger_info_, Eyecandy, lazyImages1, show it, lazy img"
https://asset.eyecannndy.com/media/clip/2023/12/19/261702984503.webp,https://eyecannndy.com/technique/architexture,2025-09-04T12:28:14.945872,img,AXEL DE STAMPA GIF,,Technique,AXEL DE STAMPA GIF,lazy-img lazyImages1 trigger_info_ show-it,,,"trigger_info_, Eyecandy, lazyImages1, show it, lazy img"
https://asset.eyecannndy.com/media/clip/2024/01/06/261704508936.webp,https://eyecannndy.com/technique/architexture,2025-09-04T12:28:14.945929,img,Clip from Mikhail Parkhomenko,,Technique,Clip from Mikhail Parkhomenko,lazy-img lazyImages1 trigger_info_ show-it,,,"trigger_info_, Eyecandy, lazyImages1, show it, lazy img"
https://asset.eyecannndy.com/media/clip/2023/12/19/261702983719.webp,https://eyecannndy.com/technique/architexture,2025-09-04T12:28:14.945986,img,GIF By Hateplow,,Technique,GIF By Hateplow,lazy-img lazyImages1 trigger_info_ show-it,,,"trigger_info_, Eyecandy, lazyImages1, show it, lazy img"
https://asset.eyecannndy.com/media/clip/2023/12/19/261702983836.webp,https://eyecannndy.com/technique/architexture,2025-09-04T12:28:14.946043,img,Nyc Fig GIF By Hateplow,,Technique,Nyc Fig GIF By Hateplow,lazy-img lazyImages1 trigger_info_ show-it,,,"trigger_info_, Eyecandy, lazyImages1, show it, lazy img"
https://asset.eyecannndy.com/media/clip/2024/01/12/261705031296.webp,https://eyecannndy.com/technique/architexture,2025-09-04T12:28:14.946100,img,Unknown T - Hocus Pocus Feat. Loyle Carner,,Technique,Unknown T - Hocus Pocus Feat. Loyle Carner,lazy-img lazyImages1 trigger_info_ show-it,,,"trigger_info_, Eyecandy, lazyImages1, show it, lazy img"
https://asset.eyecannndy.com/media/clip/2024/01/12/261705031527.webp,https://eyecannndy.com/technique/architexture,2025-09-04T12:28:14.946158,img,Unknown T - Hocus Pocus Feat. Loyle Carner,,Technique,Unknown T - Hocus Pocus Feat. Loyle Carner,lazy-img lazyImages1 trigger_info_ show-it,,,"trigger_info_, Eyecandy, lazyImages1, show it, lazy img"
https://asset.eyecannndy.com/media/clip/2023/12/16/261702695332.webp,https://eyecannndy.com/technique/architexture,2025-09-04T12:28:14.946214,img,Elouen la Baleine / IG,,Technique,Elouen la Baleine / IG,lazy-img lazyImages1 trigger_info_ show-it,,,"trigger_info_, Eyecandy, lazyImages1, show it, lazy img"
https://asset.eyecannndy.com/media/clip/2023/12/16/261702695690.webp,https://eyecannndy.com/technique/architexture,2025-09-04T12:28:14.946271,img,@alcrego / Giphy,,Technique,@alcrego / Giphy,lazy-img lazyImages1 trigger_info_ show-it,,,"trigger_info_, Eyecandy, lazyImages1, show it, lazy img"
https://asset.eyecannndy.com/media/clip/2023/12/16/261702695580.webp,https://eyecannndy.com/technique/architexture,2025-09-04T12:28:14.946327,img,Erdem Topsakal - @topsakalerdem / IG,,Technique,Erdem Topsakal - @topsakalerdem / IG,lazy-img lazyImages1 trigger_info_ show-it,,,"trigger_info_, Eyecandy, lazyImages1, show it, lazy img"
https://asset.eyecannndy.com/media/clip/2023/12/19/261703022500.webp,https://eyecannndy.com/technique/architexture,2025-09-04T12:28:14.946382,img,Street Art Loop GIF By A. L. Crego,,Technique,Street Art Loop GIF By A. L. Crego,lazy-img lazyImages1 trigger_info_ show-it,,,"trigger_info_, Eyecandy, lazyImages1, show it, lazy img"
https://asset.eyecannndy.com/media/clip/2023/12/19/261702984520.webp,https://eyecannndy.com/technique/architexture,2025-09-04T12:28:14.946435,img,AXEL DE STAMPA GIF,,Technique,AXEL DE STAMPA GIF,lazy-img lazyImages1 trigger_info_ show-it,,,"trigger_info_, Eyecandy, lazyImages1, show it, lazy img"
https://asset.eyecannndy.com/media/clip/2023/12/25/261703467673.webp,https://eyecannndy.com/technique/architexture,2025-09-04T12:28:14.946487,img,A$AP Rocky - Praise The Lord,,Technique,A$AP Rocky - Praise The Lord,lazy-img lazyImages1 trigger_info_ show-it,,,"trigger_info_, Eyecandy, lazyImages1, show it, lazy img"
https://asset.eyecannndy.com/media/clip/2023/12/19/261702984433.webp,https://eyecannndy.com/technique/architexture,2025-09-04T12:28:14.946540,img,AXEL DE STAMPA GIF,,Technique,AXEL DE STAMPA GIF,lazy-img lazyImages1 trigger_info_ show-it,,,"trigger_info_, Eyecandy, lazyImages1, show it, lazy img"
https://asset.eyecannndy.com/media/clip/2023/12/16/261702695441.webp,https://eyecannndy.com/technique/architexture,2025-09-04T12:28:14.946591,img,@alcrego / Giphy,,Technique,@alcrego / Giphy,lazy-img lazyImages1 trigger_info_ show-it,,,"trigger_info_, Eyecandy, lazyImages1, show it, lazy img"
https://asset.eyecannndy.com/media/clip/2023/12/16/261702695560.webp,https://eyecannndy.com/technique/architexture,2025-09-04T12:28:14.946643,img,Erdem Topsakal - @topsakalerdem / IG,,Technique,Erdem Topsakal - @topsakalerdem / IG,lazy-img lazyImages1 trigger_info_ show-it,,,"trigger_info_, Eyecandy, lazyImages1, show it, lazy img"
https://asset.eyecannndy.com/media/clip/2023/12/19/261702984483.webp,https://eyecannndy.com/technique/architexture,2025-09-04T12:28:14.946696,img,AXEL DE STAMPA GIF,,Technique,AXEL DE STAMPA GIF,lazy-img lazyImages1 trigger_info_ show-it,,,"trigger_info_, Eyecandy, lazyImages1, show it, lazy img"
https://asset.eyecannndy.com/media/clip/2023/12/19/261702984716.webp,https://eyecannndy.com/technique/architexture,2025-09-04T12:28:14.946747,img,Elouen la Baleine / IG,,Technique,Elouen la Baleine / IG,lazy-img lazyImages1 trigger_info_ show-it,,,"trigger_info_, Eyecandy, lazyImages1, show it, lazy img"
https://asset.eyecannndy.com/media/clip/2023/12/16/261702695629.webp,https://eyecannndy.com/technique/architexture,2025-09-04T12:28:14.946800,img,Erdem Topsakal - @topsakalerdem / IG,,Technique,Erdem Topsakal - @topsakalerdem / IG,lazy-img lazyImages1 trigger_info_ show-it,,,"trigger_info_, Eyecandy, lazyImages1, show it, lazy img"
https://asset.eyecannndy.com/media/clip/2023/12/19/261702984503.webp,https://eyecannndy.com/technique/architexture,2025-09-04T12:28:14.946852,img,AXEL DE STAMPA GIF,,Technique,AXEL DE STAMPA GIF,lazy-img lazyImages1 trigger_info_ show-it,,,"trigger_info_, Eyecandy, lazyImages1, show it, lazy img"
https://asset.eyecannndy.com/media/clip/2024/01/06/261704508936.webp,https://eyecannndy.com/technique/architexture,2025-09-04T12:28:14.946905,img,Clip from Mikhail Parkhomenko,,Technique,Clip from Mikhail Parkhomenko,lazy-img lazyImages1 trigger_info_ show-it,,,"trigger_info_, Eyecandy, lazyImages1, show it, lazy img"
https://asset.eyecannndy.com/media/clip/2023/12/19/261702983719.webp,https://eyecannndy.com/technique/architexture,2025-09-04T12:28:14.946956,img,GIF By Hateplow,,Technique,GIF By Hateplow,lazy-img lazyImages1 trigger_info_ show-it,,,"trigger_info_, Eyecandy, lazyImages1, show it, lazy img"
https://asset.eyecannndy.com/media/clip/2023/12/19/261702983836.webp,https://eyecannndy.com/technique/architexture,2025-09-04T12:28:14.947010,img,Nyc Fig GIF By Hateplow,,Technique,Nyc Fig GIF By Hateplow,lazy-img lazyImages1 trigger_info_ show-it,,,"trigger_info_, Eyecandy, lazyImages1, show it, lazy img"
https://asset.eyecannndy.com/media/clip/2024/01/12/261705031296.webp,https://eyecannndy.com/technique/architexture,2025-09-04T12:28:14.947063,img,Unknown T - Hocus Pocus Feat. Loyle Carner,,Technique,Unknown T - Hocus Pocus Feat. Loyle Carner,lazy-img lazyImages1 trigger_info_ show-it,,,"trigger_info_, Eyecandy, lazyImages1, show it, lazy img"
https://asset.eyecannndy.com/media/clip/2024/01/12/261705031527.webp,https://eyecannndy.com/technique/architexture,2025-09-04T12:28:14.947117,img,Unknown T - Hocus Pocus Feat. Loyle Carner,,Technique,Unknown T - Hocus Pocus Feat. Loyle Carner,lazy-img lazyImages1 trigger_info_ show-it,,,"trigger_info_, Eyecandy, lazyImages1, show it, lazy img"
https://asset.eyecannndy.com/media/clip/2023/12/16/261702695332.webp,https://eyecannndy.com/technique/architexture,2025-09-04T12:28:14.947169,img,Elouen la Baleine / IG,,Technique,Elouen la Baleine / IG,lazy-img lazyImages1 trigger_info_ show-it,,,"trigger_info_, Eyecandy, lazyImages1, show it, lazy img"
https://asset.eyecannndy.com/media/clip/2023/12/16/261702695690.webp,https://eyecannndy.com/technique/architexture,2025-09-04T12:28:14.947222,img,@alcrego / Giphy,,Technique,@alcrego / Giphy,lazy-img lazyImages1 trigger_info_ show-it,,,"trigger_info_, Eyecandy, lazyImages1, show it, lazy img"
https://asset.eyecannndy.com/media/clip/2023/12/19/261703022484.webp,https://eyecannndy.com/technique/architexture,2025-09-04T12:28:14.947278,img,Street Art Loop GIF By A. L. Crego,,Technique,Street Art Loop GIF By A. L. Crego,lazy-img lazyImages1 trigger_info_,,,"lazy img, lazyImages1, trigger_info_, Eyecandy"
https://asset.eyecannndy.com/media/clip/2023/12/16/261702695610.webp,https://eyecannndy.com/technique/architexture,2025-09-04T12:28:14.947338,img,Erdem Topsakal - @topsakalerdem / IG,,Technique,Erdem Topsakal - @topsakalerdem / IG,lazy-img lazyImages1 trigger_info_,,,"lazy img, lazyImages1, trigger_info_, Eyecandy"
https://asset.eyecannndy.com/media/clip/2023/12/16/261702695541.webp,https://eyecannndy.com/technique/architexture,2025-09-04T12:28:14.947395,img,Erdem Topsakal - @topsakalerdem / IG,,Technique,Erdem Topsakal - @topsakalerdem / IG,lazy-img lazyImages1 trigger_info_,,,"lazy img, lazyImages1, trigger_info_, Eyecandy"
https://asset.eyecannndy.com/media/clip/2023/12/19/261702983529.webp,https://eyecannndy.com/technique/architexture,2025-09-04T12:28:14.947452,img,GIF By weinventyou,,Technique,GIF By weinventyou,lazy-img lazyImages1 trigger_info_,,,"lazy img, lazyImages1, trigger_info_, Eyecandy"
https://asset.eyecannndy.com/media/clip/2023/12/19/261703021858.webp,https://eyecannndy.com/technique/architexture,2025-09-04T12:28:14.947510,img,Street Art Loop GIF By A. L. Crego,,Technique,Street Art Loop GIF By A. L. Crego,lazy-img lazyImages1 trigger_info_,,,"lazy img, lazyImages1, trigger_info_, Eyecandy"
https://asset.eyecannndy.com/media/clip/2024/01/21/261705822448.webp,https://eyecannndy.com/technique/architexture,2025-09-04T12:28:14.947562,img,Kevin McGloughlin for Max Cooper 'Repetition',,Technique,Kevin McGloughlin for Max Cooper 'Repetition',lazy-img lazyImages1 trigger_info_,,,"lazy img, lazyImages1, trigger_info_, Eyecandy"
https://asset.eyecannndy.com/media/clip/2023/12/19/261702984221.webp,https://eyecannndy.com/technique/architexture,2025-09-04T12:28:14.947614,img,3D Photography GIF By Hateplow,,Technique,3D Photography GIF By Hateplow,lazy-img lazyImages1 trigger_info_,,,"lazy img, lazyImages1, trigger_info_, Eyecandy"
https://asset.eyecannndy.com/media/clip/2023/12/16/261702695669.webp,https://eyecannndy.com/technique/architexture,2025-09-04T12:28:14.947666,img,@alcrego / Giphy,,Technique,@alcrego / Giphy,lazy-img lazyImages1 trigger_info_,,,"lazy img, lazyImages1, trigger_info_, Eyecandy"
https://asset.eyecannndy.com/media/clip/2023/12/19/261702984465.webp,https://eyecannndy.com/technique/architexture,2025-09-04T12:28:14.947717,img,AXEL DE STAMPA GIF,,Technique,AXEL DE STAMPA GIF,lazy-img lazyImages1 trigger_info_,,,"lazy img, lazyImages1, trigger_info_, Eyecandy"
https://asset.eyecannndy.com/media/clip/2023/12/16/261702695485.webp,https://eyecannndy.com/technique/architexture,2025-09-04T12:28:14.947768,img,Source Unknown,,Technique,Source Unknown,lazy-img lazyImages1 trigger_info_,,,"lazy img, lazyImages1, trigger_info_, Eyecandy"
https://asset.eyecannndy.com/media/clip/2023/12/16/261702695515.webp,https://eyecannndy.com/technique/architexture,2025-09-04T12:28:14.947818,img,Elouen la Baleine / IG,,Technique,Elouen la Baleine / IG,lazy-img lazyImages1 trigger_info_,,,"lazy img, lazyImages1, trigger_info_, Eyecandy"
https://asset.eyecannndy.com/media/clip/2023/12/16/261702695424.webp,https://eyecannndy.com/technique/architexture,2025-09-04T12:28:14.947869,img,@hateplow / Giphy,,Technique,@hateplow / Giphy,lazy-img lazyImages1 trigger_info_,,,"lazy img, lazyImages1, trigger_info_, Eyecandy"
https://asset.eyecannndy.com/media/clip/2023/12/25/261703467605.webp,https://eyecannndy.com/technique/architexture,2025-09-04T12:28:14.947919,img,A$AP Rocky - Praise The Lord,,Technique,A$AP Rocky - Praise The Lord,lazy-img lazyImages1 trigger_info_,,,"lazy img, lazyImages1, trigger_info_, Eyecandy"
https://asset.eyecannndy.com/media/clip/2023/12/16/261702695657.webp,https://eyecannndy.com/technique/architexture,2025-09-04T12:28:14.947971,img,Erdem Topsakal - @topsakalerdem / IG,,Technique,Erdem Topsakal - @topsakalerdem / IG,lazy-img lazyImages1 trigger_info_,,,"lazy img, lazyImages1, trigger_info_, Eyecandy"
https://asset.eyecannndy.com/media/clip/2024/03/09/261709970911.webp,https://eyecannndy.com/technique/architexture,2025-09-04T12:28:14.948022,img,Nike - Rise of the kids,,Technique,Nike - Rise of the kids,lazy-img lazyImages1 trigger_info_,,,"lazy img, lazyImages1, trigger_info_, Eyecandy"
https://asset.eyecannndy.com/media/clip/2023/12/19/261703021980.webp,https://eyecannndy.com/technique/architexture,2025-09-04T12:28:14.948073,img,Street Art Loop GIF By A. L. Crego,,Technique,Street Art Loop GIF By A. L. Crego,lazy-img lazyImages1 trigger_info_,,,"lazy img, lazyImages1, trigger_info_, Eyecandy"
https://asset.eyecannndy.com/media/clip/2023/12/19/261703021494.webp,https://eyecannndy.com/technique/architexture,2025-09-04T12:28:14.948125,img,Street Art Loop GIF By A. L. Crego,,Technique,Street Art Loop GIF By A. L. Crego,lazy-img lazyImages1 trigger_info_,,,"lazy img, lazyImages1, trigger_info_, Eyecandy"
https://asset.eyecannndy.com/media/clip/2023/12/19/261703022815.webp,https://eyecannndy.com/technique/architexture,2025-09-04T12:28:14.948177,img,Augmented Reality Graffiti GIF,,Technique,Augmented Reality Graffiti GIF,lazy-img lazyImages1 trigger_info_,,,"lazy img, lazyImages1, trigger_info_, Eyecandy"
https://asset.eyecannndy.com/media/clip/2023/12/19/261703022958.webp,https://eyecannndy.com/technique/architexture,2025-09-04T12:28:14.948229,img,Augmented Reality Graffiti GIF,,Technique,Augmented Reality Graffiti GIF,lazy-img lazyImages1 trigger_info_,,,"lazy img, lazyImages1, trigger_info_, Eyecandy"
https://asset.eyecannndy.com/media/clip/2023/12/19/261703022875.webp,https://eyecannndy.com/technique/architexture,2025-09-04T12:28:14.948282,img,Augmented Reality Graffiti GIF,,Technique,Augmented Reality Graffiti GIF,lazy-img lazyImages1 trigger_info_,,,"lazy img, lazyImages1, trigger_info_, Eyecandy"
https://asset.eyecannndy.com/media/clip/2023/12/19/261703021921.webp,https://eyecannndy.com/technique/architexture,2025-09-04T12:28:14.948336,img,Street Art Loop GIF By A. L. Crego,,Technique,Street Art Loop GIF By A. L. Crego,lazy-img lazyImages1 trigger_info_,,,"lazy img, lazyImages1, trigger_info_, Eyecandy"
https://asset.eyecannndy.com/media/clip/2023/12/19/261703022426.webp,https://eyecannndy.com/technique/architexture,2025-09-04T12:28:14.948388,img,Street Art Loop GIF By A. L. Crego,,Technique,Street Art Loop GIF By A. L. Crego,lazy-img lazyImages1 trigger_info_,,,"lazy img, lazyImages1, trigger_info_, Eyecandy"
https://asset.eyecannndy.com/media/clip/2023/12/19/261703021994.webp,https://eyecannndy.com/technique/architexture,2025-09-04T12:28:14.948441,img,Street Art Loop GIF By A. L. Crego,,Technique,Street Art Loop GIF By A. L. Crego,lazy-img lazyImages1 trigger_info_,,,"lazy img, lazyImages1, trigger_info_, Eyecandy"
https://asset.eyecannndy.com/media/clip/2023/12/19/261703022903.webp,https://eyecannndy.com/technique/architexture,2025-09-04T12:28:14.948492,img,Augmented Reality Graffiti GIF,,Technique,Augmented Reality Graffiti GIF,lazy-img lazyImages1 trigger_info_,,,"lazy img, lazyImages1, trigger_info_, Eyecandy"
https://asset.eyecannndy.com/media/clip/2023/12/19/261703022450.webp,https://eyecannndy.com/technique/architexture,2025-09-04T12:28:14.948544,img,Street Art Loop GIF By A. L. Crego,,Technique,Street Art Loop GIF By A. L. Crego,lazy-img lazyImages1 trigger_info_,,,"lazy img, lazyImages1, trigger_info_, Eyecandy"
https://asset.eyecannndy.com/media/clip/2023/12/19/261703021813.webp,https://eyecannndy.com/technique/architexture,2025-09-04T12:28:14.948597,img,Street Art Loop GIF By A. L. Crego,,Technique,Street Art Loop GIF By A. L. Crego,lazy-img lazyImages1 trigger_info_,,,"lazy img, lazyImages1, trigger_info_, Eyecandy"
https://asset.eyecannndy.com/media/clip/2023/12/19/261703021754.webp,https://eyecannndy.com/technique/architexture,2025-09-04T12:28:14.948651,img,Street Art Loop GIF By A. L. Crego,,Technique,Street Art Loop GIF By A. L. Crego,lazy-img lazyImages1 trigger_info_,,,"lazy img, lazyImages1, trigger_info_, Eyecandy"
https://asset.eyecannndy.com/media/clip/2023/12/19/261702984772.webp,https://eyecannndy.com/technique/architexture,2025-09-04T12:28:14.948702,img,Street Art Loop GIF By A. L. Crego,,Technique,Street Art Loop GIF By A. L. Crego,lazy-img lazyImages1 trigger_info_,,,"lazy img, lazyImages1, trigger_info_, Eyecandy"
https://asset.eyecannndy.com/media/clip/2023/12/19/261703022036.webp,https://eyecannndy.com/technique/architexture,2025-09-04T12:28:14.948753,img,Street Art Loop GIF By A. L. Crego,,Technique,Street Art Loop GIF By A. L. Crego,lazy-img lazyImages1 trigger_info_,,,"lazy img, lazyImages1, trigger_info_, Eyecandy"
https://asset.eyecannndy.com/media/clip/2023/12/19/261703021858.webp,https://eyecannndy.com/technique/architexture,2025-09-04T12:28:14.948901,img,Street Art Loop GIF By A. L. Crego,,Technique,Street Art Loop GIF By A. L. Crego,lazy-img lazyImages1 trigger_info_,,,"lazy img, lazyImages1, trigger_info_, Eyecandy"
https://asset.eyecannndy.com/media/clip/2023/12/19/261703022012.webp,https://eyecannndy.com/technique/architexture,2025-09-04T12:28:14.948957,img,Minimize Street Art GIF By A. L. Crego,,Technique,Minimize Street Art GIF By A. L. Crego,lazy-img lazyImages1 trigger_info_,,,"lazy img, lazyImages1, trigger_info_, Eyecandy"
https://asset.eyecannndy.com/media/clip/2023/12/19/261703021723.webp,https://eyecannndy.com/technique/architexture,2025-09-04T12:28:14.949012,img,Street Art Loop GIF By A. L. Crego,,Technique,Street Art Loop GIF By A. L. Crego,lazy-img lazyImages1 trigger_info_,,,"lazy img, lazyImages1, trigger_info_, Eyecandy"
https://asset.eyecannndy.com/media/clip/2023/12/19/261703022797.webp,https://eyecannndy.com/technique/architexture,2025-09-04T12:28:14.949064,img,Augmented Reality Graffiti GIF,,Technique,Augmented Reality Graffiti GIF,lazy-img lazyImages1 trigger_info_,,,"lazy img, lazyImages1, trigger_info_, Eyecandy"
https://asset.eyecannndy.com/media/clip/2023/12/19/261703021680.webp,https://eyecannndy.com/technique/architexture,2025-09-04T12:28:14.949116,img,Street Art Loop GIF By A. L. Crego,,Technique,Street Art Loop GIF By A. L. Crego,lazy-img lazyImages1 trigger_info_,,,"lazy img, lazyImages1, trigger_info_, Eyecandy"
https://asset.eyecannndy.com/media/clip/2023/12/19/261703021650.webp,https://eyecannndy.com/technique/architexture,2025-09-04T12:28:14.949167,img,Street Art Loop GIF By A. L. Crego,,Technique,Street Art Loop GIF By A. L. Crego,lazy-img lazyImages1 trigger_info_,,,"lazy img, lazyImages1, trigger_info_, Eyecandy"
https://asset.eyecannndy.com/media/clip/2023/12/19/261703021938.webp,https://eyecannndy.com/technique/architexture,2025-09-04T12:28:14.949216,img,Street Art Loop GIF By A. L. Crego,,Technique,Street Art Loop GIF By A. L. Crego,lazy-img lazyImages1 trigger_info_,,,"lazy img, lazyImages1, trigger_info_, Eyecandy"
https://asset.eyecannndy.com/media/clip/2023/12/19/261703021878.webp,https://eyecannndy.com/technique/architexture,2025-09-04T12:28:14.949267,img,Street Art Loop GIF By A. L. Crego,,Technique,Street Art Loop GIF By A. L. Crego,lazy-img lazyImages1 trigger_info_,,,"lazy img, lazyImages1, trigger_info_, Eyecandy"
https://asset.eyecannndy.com/media/clip/2023/12/19/261703021665.webp,https://eyecannndy.com/technique/architexture,2025-09-04T12:28:14.949316,img,Street Art Loop GIF By A. L. Crego,,Technique,Street Art Loop GIF By A. L. Crego,lazy-img lazyImages1 trigger_info_,,,"lazy img, lazyImages1, trigger_info_, Eyecandy"
https://asset.eyecannndy.com/media/clip/2023/12/19/261703022836.webp,https://eyecannndy.com/technique/architexture,2025-09-04T12:28:14.949365,img,Augmented Reality Graffiti GIF,,Technique,Augmented Reality Graffiti GIF,lazy-img lazyImages1 trigger_info_,,,"lazy img, lazyImages1, trigger_info_, Eyecandy"
https://asset.eyecannndy.com/media/clip/2023/12/19/261703022706.webp,https://eyecannndy.com/technique/architexture,2025-09-04T12:28:14.949414,img,Street Art Loop GIF By A. L. Crego,,Technique,Street Art Loop GIF By A. L. Crego,lazy-img lazyImages1 trigger_info_,,,"lazy img, lazyImages1, trigger_info_, Eyecandy"
https://asset.eyecannndy.com/media/clip/2023/12/19/261703021626.webp,https://eyecannndy.com/technique/architexture,2025-09-04T12:28:14.949464,img,Street Art Loop GIF By A. L. Crego,,Technique,Street Art Loop GIF By A. L. Crego,lazy-img lazyImages1 trigger_info_,,,"lazy img, lazyImages1, trigger_info_, Eyecandy"
https://asset.eyecannndy.com/media/clip/2024/03/09/261709970911.webp,https://eyecannndy.com/technique/architexture,2025-09-04T12:28:14.949515,img,Nike - Rise of the kids,,Technique,Nike - Rise of the kids,lazy-img lazyImages1 trigger_info_,,,"lazy img, lazyImages1, trigger_info_, Eyecandy"
https://asset.eyecannndy.com/media/clip/2023/12/19/261703021908.webp,https://eyecannndy.com/technique/architexture,2025-09-04T12:28:14.949566,img,Street Art Loop GIF By A. L. Crego,,Technique,Street Art Loop GIF By A. L. Crego,lazy-img lazyImages1 trigger_info_,,,"lazy img, lazyImages1, trigger_info_, Eyecandy"
https://asset.eyecannndy.com/media/clip/2024/01/03/261704251245.webp,https://eyecannndy.com/technique/architexture,2025-09-04T12:28:14.949616,img,Hyperlapse clip by Kamil Przybylak,,Technique,Hyperlapse clip by Kamil Przybylak,lazy-img lazyImages1 trigger_info_,,,"lazy img, lazyImages1, trigger_info_, Eyecandy"
https://asset.eyecannndy.com/media/clip/2025/02/10/261739191986.webp,https://eyecannndy.com/technique/boomerang,2025-09-04T12:30:28.000049,img,Static - Federer,,Technique,Static - Federer,lazy-img lazyImages1 trigger_info_ show-it,,,"trigger_info_, Eyecandy, lazyImages1, show it, lazy img"
https://asset.eyecannndy.com/media/clip/2024/07/05/261720165679.webp,https://eyecannndy.com/technique/boomerang,2025-09-04T12:30:28.000208,img,Victoria Monet - Alright,,Technique,Victoria Monet - Alright,lazy-img lazyImages1 trigger_info_ show-it,,,"trigger_info_, Eyecandy, lazyImages1, show it, lazy img"
https://asset.eyecannndy.com/media/clip/2024/07/05/261720165642.webp,https://eyecannndy.com/technique/boomerang,2025-09-04T12:30:28.000283,img,Victoria Monet - Alright,,Technique,Victoria Monet - Alright,lazy-img lazyImages1 trigger_info_ show-it,,,"trigger_info_, Eyecandy, lazyImages1, show it, lazy img"
https://asset.eyecannndy.com/media/clip/2025/02/10/261739192401.webp,https://eyecannndy.com/technique/boomerang,2025-09-04T12:30:28.000363,img,Static - Federer,,Technique,Static - Federer,lazy-img lazyImages1 trigger_info_ show-it,,,"trigger_info_, Eyecandy, lazyImages1, show it, lazy img"
https://asset.eyecannndy.com/media/clip/2024/07/05/261720165706.webp,https://eyecannndy.com/technique/boomerang,2025-09-04T12:30:28.000438,img,Victoria Monet - Alright,,Technique,Victoria Monet - Alright,lazy-img lazyImages1 trigger_info_ show-it,,,"trigger_info_, Eyecandy, lazyImages1, show it, lazy img"
https://asset.eyecannndy.com/media/clip/2024/07/05/261720165749.webp,https://eyecannndy.com/technique/boomerang,2025-09-04T12:30:28.000497,img,Victoria Monet - Alright,,Technique,Victoria Monet - Alright,lazy-img lazyImages1 trigger_info_ show-it,,,"trigger_info_, Eyecandy, lazyImages1, show it, lazy img"
https://asset.eyecannndy.com/media/clip/2025/02/10/261739191986.webp,https://eyecannndy.com/technique/boomerang,2025-09-04T12:30:28.000555,img,Static - Federer,,Technique,Static - Federer,lazy-img lazyImages1 trigger_info_ show-it,,,"trigger_info_, Eyecandy, lazyImages1, show it, lazy img"
https://asset.eyecannndy.com/media/clip/2024/07/05/261720165679.webp,https://eyecannndy.com/technique/boomerang,2025-09-04T12:30:28.000612,img,Victoria Monet - Alright,,Technique,Victoria Monet - Alright,lazy-img lazyImages1 trigger_info_ show-it,,,"trigger_info_, Eyecandy, lazyImages1, show it, lazy img"
https://asset.eyecannndy.com/media/clip/2024/07/05/261720165642.webp,https://eyecannndy.com/technique/boomerang,2025-09-04T12:30:28.000748,img,Victoria Monet - Alright,,Technique,Victoria Monet - Alright,lazy-img lazyImages1 trigger_info_ show-it,,,"trigger_info_, Eyecandy, lazyImages1, show it, lazy img"
https://asset.eyecannndy.com/media/clip/2025/02/10/261739192401.webp,https://eyecannndy.com/technique/boomerang,2025-09-04T12:30:28.000860,img,Static - Federer,,Technique,Static - Federer,lazy-img lazyImages1 trigger_info_ show-it,,,"trigger_info_, Eyecandy, lazyImages1, show it, lazy img"
https://asset.eyecannndy.com/media/clip/2024/07/05/261720165706.webp,https://eyecannndy.com/technique/boomerang,2025-09-04T12:30:28.000924,img,Victoria Monet - Alright,,Technique,Victoria Monet - Alright,lazy-img lazyImages1 trigger_info_ show-it,,,"trigger_info_, Eyecandy, lazyImages1, show it, lazy img"
https://asset.eyecannndy.com/media/clip/2024/07/05/261720165749.webp,https://eyecannndy.com/technique/boomerang,2025-09-04T12:30:28.000984,img,Victoria Monet - Alright,,Technique,Victoria Monet - Alright,lazy-img lazyImages1 trigger_info_ show-it,,,"trigger_info_, Eyecandy, lazyImages1, show it, lazy img"
https://asset.eyecannndy.com/media/clip/2023/12/23/261703314859.webp,https://eyecannndy.com/technique/bullet-time,2025-09-04T12:30:47.236791,img,Nomis Football - Boots Damn Boots,,Technique,Nomis Football - Boots Damn Boots,lazy-img lazyImages1 trigger_info_ show-it,,,"trigger_info_, Eyecandy, lazyImages1, show it, lazy img"
https://asset.eyecannndy.com/media/clip/2024/01/13/261705112165.webp,https://eyecannndy.com/technique/bullet-time,2025-09-04T12:30:47.236880,img,Instagram - Yours to Make,,Technique,Instagram - Yours to Make,lazy-img lazyImages1 trigger_info_ show-it,,,"trigger_info_, Eyecandy, lazyImages1, show it, lazy img"
https://asset.eyecannndy.com/media/clip/2024/01/15/261705285172.webp,https://eyecannndy.com/technique/bullet-time,2025-09-04T12:30:47.236932,img,The Matrix,,Technique,The Matrix,lazy-img lazyImages1 trigger_info_ show-it,,,"trigger_info_, Eyecandy, lazyImages1, show it, lazy img"
https://asset.eyecannndy.com/media/clip/2023/12/23/261703313366.webp,https://eyecannndy.com/technique/bullet-time,2025-09-04T12:30:47.236980,img,Botis Seva - Santo,,Technique,Botis Seva - Santo,lazy-img lazyImages1 trigger_info_ show-it,,,"trigger_info_, Eyecandy, lazyImages1, show it, lazy img"
https://asset.eyecannndy.com/media/clip/2024/01/15/261705285580.webp,https://eyecannndy.com/technique/bullet-time,2025-09-04T12:30:47.237022,img,The Matrix,,Technique,The Matrix,lazy-img lazyImages1 trigger_info_ show-it,,,"trigger_info_, Eyecandy, lazyImages1, show it, lazy img"
https://asset.eyecannndy.com/media/clip/2024/03/09/261709971282.webp,https://eyecannndy.com/technique/bullet-time,2025-09-04T12:30:47.237066,img,Nike - Rise of the kids,,Technique,Nike - Rise of the kids,lazy-img lazyImages1 trigger_info_ show-it,,,"trigger_info_, Eyecandy, lazyImages1, show it, lazy img"
https://asset.eyecannndy.com/media/clip/2024/01/21/261705823826.webp,https://eyecannndy.com/technique/bullet-time,2025-09-04T12:30:47.237107,img,Ziak - Akimbo,,Technique,Ziak - Akimbo,lazy-img lazyImages1 trigger_info_ show-it,,,"trigger_info_, Eyecandy, lazyImages1, show it, lazy img"
https://asset.eyecannndy.com/media/clip/2024/03/24/261711254274.webp,https://eyecannndy.com/technique/bullet-time,2025-09-04T12:30:47.237150,img,Coach - Life Has Different Paths,,Technique,Coach - Life Has Different Paths,lazy-img lazyImages1 trigger_info_ show-it,,,"trigger_info_, Eyecandy, lazyImages1, show it, lazy img"
https://asset.eyecannndy.com/media/clip/2024/01/23/261706041567.webp,https://eyecannndy.com/technique/bullet-time,2025-09-04T12:30:47.237191,img,Sokół – Miłość zawsze jest,,Technique,Sokół – Miłość zawsze jest,lazy-img lazyImages1 trigger_info_ show-it,,,"trigger_info_, Eyecandy, lazyImages1, show it, lazy img"
https://asset.eyecannndy.com/media/clip/2023/12/23/261703314297.webp,https://eyecannndy.com/technique/bullet-time,2025-09-04T12:30:47.237233,img,Tim MacMillan - Ferment,,Technique,Tim MacMillan - Ferment,lazy-img lazyImages1 trigger_info_ show-it,,,"trigger_info_, Eyecandy, lazyImages1, show it, lazy img"
https://asset.eyecannndy.com/media/clip/2023/12/24/261703389675.webp,https://eyecannndy.com/technique/bullet-time,2025-09-04T12:30:47.237278,img,Halfprice - Fitting room,,Technique,Halfprice - Fitting room,lazy-img lazyImages1 trigger_info_ show-it,,,"trigger_info_, Eyecandy, lazyImages1, show it, lazy img"
https://asset.eyecannndy.com/media/clip/2024/01/23/261706041814.webp,https://eyecannndy.com/technique/bullet-time,2025-09-04T12:30:47.237320,img,Sokół – Miłość zawsze jest,,Technique,Sokół – Miłość zawsze jest,lazy-img lazyImages1 trigger_info_ show-it,,,"trigger_info_, Eyecandy, lazyImages1, show it, lazy img"
https://asset.eyecannndy.com/media/clip/2023/12/21/261703199986.webp,https://eyecannndy.com/technique/bullet-time,2025-09-04T12:30:47.237362,img,Nike - Never Settle. Never Done,,Technique,Nike - Never Settle. Never Done,lazy-img lazyImages1 trigger_info_ show-it,,,"trigger_info_, Eyecandy, lazyImages1, show it, lazy img"
https://asset.eyecannndy.com/media/clip/2023/12/24/261703410978.webp,https://eyecannndy.com/technique/bullet-time,2025-09-04T12:30:47.237402,img,Art by Paul Trillo,,Technique,Art by Paul Trillo,lazy-img lazyImages1 trigger_info_ show-it,,,"trigger_info_, Eyecandy, lazyImages1, show it, lazy img"
https://asset.eyecannndy.com/media/clip/2024/01/23/261706041615.webp,https://eyecannndy.com/technique/bullet-time,2025-09-04T12:30:47.237447,img,Sokół – Miłość zawsze jest,,Technique,Sokół – Miłość zawsze jest,lazy-img lazyImages1 trigger_info_ show-it,,,"trigger_info_, Eyecandy, lazyImages1, show it, lazy img"
https://asset.eyecannndy.com/media/clip/2023/12/22/261703235582.webp,https://eyecannndy.com/technique/bullet-time,2025-09-04T12:30:47.237490,img,"© Easten Diamond Sports, LLC.",,Technique,"© Easten Diamond Sports, LLC.",lazy-img lazyImages1 trigger_info_ show-it,,,"trigger_info_, Eyecandy, lazyImages1, show it, lazy img"
https://asset.eyecannndy.com/media/clip/2023/12/23/261703314638.webp,https://eyecannndy.com/technique/bullet-time,2025-09-04T12:30:47.237533,img,The Other Guys,,Technique,The Other Guys,lazy-img lazyImages1 trigger_info_ show-it,,,"trigger_info_, Eyecandy, lazyImages1, show it, lazy img"
https://asset.eyecannndy.com/media/clip/2023/12/23/261703313228.webp,https://eyecannndy.com/technique/bullet-time,2025-09-04T12:30:47.237574,img,The French Dispatch,,Technique,The French Dispatch,lazy-img lazyImages1 trigger_info_ show-it,,,"trigger_info_, Eyecandy, lazyImages1, show it, lazy img"
https://asset.eyecannndy.com/media/clip/2023/12/23/261703314859.webp,https://eyecannndy.com/technique/bullet-time,2025-09-04T12:30:47.237613,img,Nomis Football - Boots Damn Boots,,Technique,Nomis Football - Boots Damn Boots,lazy-img lazyImages1 trigger_info_ show-it,,,"trigger_info_, Eyecandy, lazyImages1, show it, lazy img"
https://asset.eyecannndy.com/media/clip/2024/01/13/261705112165.webp,https://eyecannndy.com/technique/bullet-time,2025-09-04T12:30:47.237652,img,Instagram - Yours to Make,,Technique,Instagram - Yours to Make,lazy-img lazyImages1 trigger_info_ show-it,,,"trigger_info_, Eyecandy, lazyImages1, show it, lazy img"
https://asset.eyecannndy.com/media/clip/2024/01/15/261705285172.webp,https://eyecannndy.com/technique/bullet-time,2025-09-04T12:30:47.237690,img,The Matrix,,Technique,The Matrix,lazy-img lazyImages1 trigger_info_ show-it,,,"trigger_info_, Eyecandy, lazyImages1, show it, lazy img"
https://asset.eyecannndy.com/media/clip/2023/12/23/261703313366.webp,https://eyecannndy.com/technique/bullet-time,2025-09-04T12:30:47.237728,img,Botis Seva - Santo,,Technique,Botis Seva - Santo,lazy-img lazyImages1 trigger_info_ show-it,,,"trigger_info_, Eyecandy, lazyImages1, show it, lazy img"
https://asset.eyecannndy.com/media/clip/2024/01/15/261705285580.webp,https://eyecannndy.com/technique/bullet-time,2025-09-04T12:30:47.237765,img,The Matrix,,Technique,The Matrix,lazy-img lazyImages1 trigger_info_ show-it,,,"trigger_info_, Eyecandy, lazyImages1, show it, lazy img"
https://asset.eyecannndy.com/media/clip/2024/03/09/261709971282.webp,https://eyecannndy.com/technique/bullet-time,2025-09-04T12:30:47.237802,img,Nike - Rise of the kids,,Technique,Nike - Rise of the kids,lazy-img lazyImages1 trigger_info_ show-it,,,"trigger_info_, Eyecandy, lazyImages1, show it, lazy img"
https://asset.eyecannndy.com/media/clip/2024/01/21/261705823826.webp,https://eyecannndy.com/technique/bullet-time,2025-09-04T12:30:47.237839,img,Ziak - Akimbo,,Technique,Ziak - Akimbo,lazy-img lazyImages1 trigger_info_ show-it,,,"trigger_info_, Eyecandy, lazyImages1, show it, lazy img"
https://asset.eyecannndy.com/media/clip/2024/03/24/261711254274.webp,https://eyecannndy.com/technique/bullet-time,2025-09-04T12:30:47.237877,img,Coach - Life Has Different Paths,,Technique,Coach - Life Has Different Paths,lazy-img lazyImages1 trigger_info_ show-it,,,"trigger_info_, Eyecandy, lazyImages1, show it, lazy img"
https://asset.eyecannndy.com/media/clip/2024/01/23/261706041567.webp,https://eyecannndy.com/technique/bullet-time,2025-09-04T12:30:47.237914,img,Sokół – Miłość zawsze jest,,Technique,Sokół – Miłość zawsze jest,lazy-img lazyImages1 trigger_info_ show-it,,,"trigger_info_, Eyecandy, lazyImages1, show it, lazy img"
https://asset.eyecannndy.com/media/clip/2023/12/23/261703314297.webp,https://eyecannndy.com/technique/bullet-time,2025-09-04T12:30:47.237951,img,Tim MacMillan - Ferment,,Technique,Tim MacMillan - Ferment,lazy-img lazyImages1 trigger_info_ show-it,,,"trigger_info_, Eyecandy, lazyImages1, show it, lazy img"
https://asset.eyecannndy.com/media/clip/2023/12/24/261703389675.webp,https://eyecannndy.com/technique/bullet-time,2025-09-04T12:30:47.237988,img,Halfprice - Fitting room,,Technique,Halfprice - Fitting room,lazy-img lazyImages1 trigger_info_ show-it,,,"trigger_info_, Eyecandy, lazyImages1, show it, lazy img"
https://asset.eyecannndy.com/media/clip/2024/01/23/261706041814.webp,https://eyecannndy.com/technique/bullet-time,2025-09-04T12:30:47.238026,img,Sokół – Miłość zawsze jest,,Technique,Sokół – Miłość zawsze jest,lazy-img lazyImages1 trigger_info_ show-it,,,"trigger_info_, Eyecandy, lazyImages1, show it, lazy img"
https://asset.eyecannndy.com/media/clip/2023/12/21/261703199986.webp,https://eyecannndy.com/technique/bullet-time,2025-09-04T12:30:47.238063,img,Nike - Never Settle. Never Done,,Technique,Nike - Never Settle. Never Done,lazy-img lazyImages1 trigger_info_ show-it,,,"trigger_info_, Eyecandy, lazyImages1, show it, lazy img"
https://asset.eyecannndy.com/media/clip/2023/12/24/261703410978.webp,https://eyecannndy.com/technique/bullet-time,2025-09-04T12:30:47.238099,img,Art by Paul Trillo,,Technique,Art by Paul Trillo,lazy-img lazyImages1 trigger_info_ show-it,,,"trigger_info_, Eyecandy, lazyImages1, show it, lazy img"
https://asset.eyecannndy.com/media/clip/2024/01/23/261706041615.webp,https://eyecannndy.com/technique/bullet-time,2025-09-04T12:30:47.238137,img,Sokół – Miłość zawsze jest,,Technique,Sokół – Miłość zawsze jest,lazy-img lazyImages1 trigger_info_ show-it,,,"trigger_info_, Eyecandy, lazyImages1, show it, lazy img"
https://asset.eyecannndy.com/media/clip/2023/12/22/261703235582.webp,https://eyecannndy.com/technique/bullet-time,2025-09-04T12:30:47.238175,img,"© Easten Diamond Sports, LLC.",,Technique,"© Easten Diamond Sports, LLC.",lazy-img lazyImages1 trigger_info_ show-it,,,"trigger_info_, Eyecandy, lazyImages1, show it, lazy img"
https://asset.eyecannndy.com/media/clip/2023/12/23/261703314638.webp,https://eyecannndy.com/technique/bullet-time,2025-09-04T12:30:47.238213,img,The Other Guys,,Technique,The Other Guys,lazy-img lazyImages1 trigger_info_ show-it,,,"trigger_info_, Eyecandy, lazyImages1, show it, lazy img"
https://asset.eyecannndy.com/media/clip/2023/12/23/261703313228.webp,https://eyecannndy.com/technique/bullet-time,2025-09-04T12:30:47.238249,img,The French Dispatch,,Technique,The French Dispatch,lazy-img lazyImages1 trigger_info_ show-it,,,"trigger_info_, Eyecandy, lazyImages1, show it, lazy img"
https://asset.eyecannndy.com/media/clip/2023/12/23/261703314101.webp,https://eyecannndy.com/technique/bullet-time,2025-09-04T12:30:47.238290,img,A$AP Ferg - Floor Seats,,Technique,A$AP Ferg - Floor Seats,lazy-img lazyImages1 trigger_info_,,,"lazy img, lazyImages1, trigger_info_, Eyecandy"
https://asset.eyecannndy.com/media/clip/2024/03/13/261710331874.webp,https://eyecannndy.com/technique/bullet-time,2025-09-04T12:30:47.238332,img,Nike - Mad Ready (DC),,Technique,Nike - Mad Ready (DC),lazy-img lazyImages1 trigger_info_,,,"lazy img, lazyImages1, trigger_info_, Eyecandy"
https://asset.eyecannndy.com/media/clip/2024/01/21/261705823867.webp,https://eyecannndy.com/technique/bullet-time,2025-09-04T12:30:47.238374,img,Ziak - Akimbo,,Technique,Ziak - Akimbo,lazy-img lazyImages1 trigger_info_,,,"lazy img, lazyImages1, trigger_info_, Eyecandy"
https://asset.eyecannndy.com/media/clip/2024/01/15/261705285309.webp,https://eyecannndy.com/technique/bullet-time,2025-09-04T12:30:47.238425,img,The Matrix,,Technique,The Matrix,lazy-img lazyImages1 trigger_info_,,,"lazy img, lazyImages1, trigger_info_, Eyecandy"
https://asset.eyecannndy.com/media/clip/2023/12/23/261703313348.webp,https://eyecannndy.com/technique/bullet-time,2025-09-04T12:30:47.238467,img,Botis Seva - Santo,,Technique,Botis Seva - Santo,lazy-img lazyImages1 trigger_info_,,,"lazy img, lazyImages1, trigger_info_, Eyecandy"
https://asset.eyecannndy.com/media/clip/2023/12/23/261703314154.webp,https://eyecannndy.com/technique/bullet-time,2025-09-04T12:30:47.238508,img,Duda Beat feat. Trevo - Nem Um Pouquinho,,Technique,Duda Beat feat. Trevo - Nem Um Pouquinho,lazy-img lazyImages1 trigger_info_,,,"lazy img, lazyImages1, trigger_info_, Eyecandy"
https://asset.eyecannndy.com/media/clip/2024/01/15/261705285981.webp,https://eyecannndy.com/technique/bullet-time,2025-09-04T12:30:47.238548,img,The Matrix,,Technique,The Matrix,lazy-img lazyImages1 trigger_info_,,,"lazy img, lazyImages1, trigger_info_, Eyecandy"
https://asset.eyecannndy.com/media/clip/2024/01/23/261706042156.webp,https://eyecannndy.com/technique/bullet-time,2025-09-04T12:30:47.238589,img,Sokół – Miłość zawsze jest,,Technique,Sokół – Miłość zawsze jest,lazy-img lazyImages1 trigger_info_,,,"lazy img, lazyImages1, trigger_info_, Eyecandy"
https://asset.eyecannndy.com/media/clip/2023/12/23/261703313952.webp,https://eyecannndy.com/technique/bullet-time,2025-09-04T12:30:47.238628,img,Phillips - Carousel,,Technique,Phillips - Carousel,lazy-img lazyImages1 trigger_info_,,,"lazy img, lazyImages1, trigger_info_, Eyecandy"
https://asset.eyecannndy.com/media/clip/2023/12/18/261702865935.webp,https://eyecannndy.com/technique/bullet-time,2025-09-04T12:30:47.238667,img,A$AP Rocky - Kids Turned Out Fine,,Technique,A$AP Rocky - Kids Turned Out Fine,lazy-img lazyImages1 trigger_info_,,,"lazy img, lazyImages1, trigger_info_, Eyecandy"
https://asset.eyecannndy.com/media/clip/2023/12/23/261703314009.webp,https://eyecannndy.com/technique/bullet-time,2025-09-04T12:30:47.238707,img,Phillips - Carousel,,Technique,Phillips - Carousel,lazy-img lazyImages1 trigger_info_,,,"lazy img, lazyImages1, trigger_info_, Eyecandy"
https://asset.eyecannndy.com/media/clip/2023/12/22/261703233678.webp,https://eyecannndy.com/technique/bullet-time,2025-09-04T12:30:47.238746,img,A$AP Rocky - Kids Turned Out Fine,,Technique,A$AP Rocky - Kids Turned Out Fine,lazy-img lazyImages1 trigger_info_,,,"lazy img, lazyImages1, trigger_info_, Eyecandy"
https://asset.eyecannndy.com/media/clip/2023/12/22/261703233432.webp,https://eyecannndy.com/technique/bullet-time,2025-09-04T12:30:47.238784,img,A$AP Rocky - Kids Turned Out Fine,,Technique,A$AP Rocky - Kids Turned Out Fine,lazy-img lazyImages1 trigger_info_,,,"lazy img, lazyImages1, trigger_info_, Eyecandy"
https://asset.eyecannndy.com/media/clip/2024/01/15/261705285896.webp,https://eyecannndy.com/technique/bullet-time,2025-09-04T12:30:47.238823,img,The Matrix Resurrections,,Technique,The Matrix Resurrections,lazy-img lazyImages1 trigger_info_,,,"lazy img, lazyImages1, trigger_info_, Eyecandy"
https://asset.eyecannndy.com/media/clip/2024/01/30/261706572851.webp,https://eyecannndy.com/technique/bullet-time,2025-09-04T12:30:47.238865,img,Westworld (TV Series) S4E4,,Technique,Westworld (TV Series) S4E4,lazy-img lazyImages1 trigger_info_,,,"lazy img, lazyImages1, trigger_info_, Eyecandy"
https://asset.eyecannndy.com/media/clip/2024/01/23/261706041750.webp,https://eyecannndy.com/technique/bullet-time,2025-09-04T12:30:47.238904,img,Sokół – Miłość zawsze jest,,Technique,Sokół – Miłość zawsze jest,lazy-img lazyImages1 trigger_info_,,,"lazy img, lazyImages1, trigger_info_, Eyecandy"
https://asset.eyecannndy.com/media/clip/2023/12/23/261703313911.webp,https://eyecannndy.com/technique/bullet-time,2025-09-04T12:30:47.238944,img,Phillips - Carousel,,Technique,Phillips - Carousel,lazy-img lazyImages1 trigger_info_,,,"lazy img, lazyImages1, trigger_info_, Eyecandy"
https://asset.eyecannndy.com/media/clip/2023/12/22/261703233225.webp,https://eyecannndy.com/technique/bullet-time,2025-09-04T12:30:47.238994,img,A$AP Rocky - Kids Turned Out Fine,,Technique,A$AP Rocky - Kids Turned Out Fine,lazy-img lazyImages1 trigger_info_,,,"lazy img, lazyImages1, trigger_info_, Eyecandy"
https://asset.eyecannndy.com/media/clip/2023/12/24/261703389606.webp,https://eyecannndy.com/technique/bullet-time,2025-09-04T12:30:47.239041,img,Halfprice - Fitting room,,Technique,Halfprice - Fitting room,lazy-img lazyImages1 trigger_info_,,,"lazy img, lazyImages1, trigger_info_, Eyecandy"
https://asset.eyecannndy.com/media/clip/2024/01/29/261706570442.webp,https://eyecannndy.com/technique/bullet-time,2025-09-04T12:30:47.239086,img,Phillips - Carousel,,Technique,Phillips - Carousel,lazy-img lazyImages1 trigger_info_,,,"lazy img, lazyImages1, trigger_info_, Eyecandy"
https://asset.eyecannndy.com/media/clip/2024/01/21/261705823771.webp,https://eyecannndy.com/technique/bullet-time,2025-09-04T12:30:47.239130,img,Ziak - Akimbo,,Technique,Ziak - Akimbo,lazy-img lazyImages1 trigger_info_,,,"lazy img, lazyImages1, trigger_info_, Eyecandy"
https://asset.eyecannndy.com/media/clip/2023/12/23/261703313531.webp,https://eyecannndy.com/technique/bullet-time,2025-09-04T12:30:47.239172,img,Lucy,,Technique,Lucy,lazy-img lazyImages1 trigger_info_,,,"lazy img, lazyImages1, trigger_info_, Eyecandy"
https://asset.eyecannndy.com/media/clip/2024/01/23/261706041948.webp,https://eyecannndy.com/technique/bullet-time,2025-09-04T12:30:47.239218,img,Sokół – Miłość zawsze jest,,Technique,Sokół – Miłość zawsze jest,lazy-img lazyImages1 trigger_info_,,,"lazy img, lazyImages1, trigger_info_, Eyecandy"
https://asset.eyecannndy.com/media/clip/2023/12/23/261703313290.webp,https://eyecannndy.com/technique/bullet-time,2025-09-04T12:30:47.239263,img,The French Dispatch,,Technique,The French Dispatch,lazy-img lazyImages1 trigger_info_,,,"lazy img, lazyImages1, trigger_info_, Eyecandy"
https://asset.eyecannndy.com/media/clip/2024/03/24/261711256689.webp,https://eyecannndy.com/technique/bullet-time,2025-09-04T12:30:47.239306,img,Rema - Trouble Maker,,Technique,Rema - Trouble Maker,lazy-img lazyImages1 trigger_info_,,,"lazy img, lazyImages1, trigger_info_, Eyecandy"
https://asset.eyecannndy.com/media/clip/2024/02/21/261708476600.webp,https://eyecannndy.com/technique/bullet-time,2025-09-04T12:30:47.239355,img,:aexattack - Next Year,,Technique,:aexattack - Next Year,lazy-img lazyImages1 trigger_info_,,,"lazy img, lazyImages1, trigger_info_, Eyecandy"
https://asset.eyecannndy.com/media/clip/2024/01/23/261706041508.webp,https://eyecannndy.com/technique/bullet-time,2025-09-04T12:30:47.239404,img,Sokół – Miłość zawsze jest,,Technique,Sokół – Miłość zawsze jest,lazy-img lazyImages1 trigger_info_,,,"lazy img, lazyImages1, trigger_info_, Eyecandy"
https://asset.eyecannndy.com/media/clip/2024/01/23/261706042054.webp,https://eyecannndy.com/technique/bullet-time,2025-09-04T12:30:47.239452,img,Sokół – Miłość zawsze jest,,Technique,Sokół – Miłość zawsze jest,lazy-img lazyImages1 trigger_info_,,,"lazy img, lazyImages1, trigger_info_, Eyecandy"
https://asset.eyecannndy.com/media/clip/2023/12/23/261703313982.webp,https://eyecannndy.com/technique/bullet-time,2025-09-04T12:30:47.239497,img,Phillips - Carousel,,Technique,Phillips - Carousel,lazy-img lazyImages1 trigger_info_,,,"lazy img, lazyImages1, trigger_info_, Eyecandy"
https://asset.eyecannndy.com/media/clip/2024/01/15/261705286004.webp,https://eyecannndy.com/technique/bullet-time,2025-09-04T12:30:47.239544,img,The Matrix,,Technique,The Matrix,lazy-img lazyImages1 trigger_info_,,,"lazy img, lazyImages1, trigger_info_, Eyecandy"
